,psnr_mean,psnr_std,ssim_mean,ssim_std,lpips_mean,lpips_std,mse_mean,mse_std
vit_base_patch16_224_block5_attention,13.88757394478894,0.8227713870496439,0.34589112,0.044370744,0.6541844546794892,0.027484832990486034,0.0445328950881958,0.007445844669271214
