{
  "experiment": "vgg16_block1_transposed_conv",
  "model_type": "single",
  "num_images": 100,
  "psnr_mean": 17.364545171563766,
  "psnr_std": 1.7597018386935879,
  "psnr_min": 14.526846490959324,
  "psnr_max": 23.539733476251882,
  "ssim_mean": 0.5474152565002441,
  "ssim_std": 0.12051940709352493,
  "ssim_min": 0.18580181896686554,
  "ssim_max": 0.8910052180290222
}