epoch,train_loss,train_mse,train_lpips,val_loss,val_mse,val_lpips,learning_rate
1,1.2354040145874023,1.5239289999008179,0.9468789100646973,1.6576168537139893,2.267775774002075,1.0474580526351929,0.001
2,1.3087881803512573,1.8637213706970215,0.7538550496101379,1.5535755157470703,2.2060911655426025,0.9010598063468933,0.001
