{
  "experiment": "vgg16_block1_transposed_conv",
  "model_type": "single",
  "num_images": 100,
  "psnr_mean": 17.614383031614224,
  "psnr_std": 1.7424721155359015,
  "psnr_min": 14.549501064809542,
  "psnr_max": 24.06131982625316,
  "ssim_mean": 0.5659971237182617,
  "ssim_std": 0.11870115250349045,
  "ssim_min": 0.19891822338104248,
  "ssim_max": 0.8975902199745178
}